{"train/loss": 4.67, "train/learning_rate": 7.631708517971443e-07, "train/epoch": 3.0, "train/global_step": 4062, "_timestamp": 1680292267.901563, "_runtime": 11004.59836602211, "_step": 8, "train/train_runtime": 11007.5052, "train/train_samples_per_second": 0.738, "train/train_steps_per_second": 0.369, "train/total_flos": 50127389620704.0, "train/train_loss": 6.1512135853619485, "_wandb": {"runtime": 11003}}