{"train/loss": 4.6709, "train/learning_rate": 7.631708517971443e-07, "train/epoch": 3.0, "train/global_step": 4062, "_timestamp": 1680305635.7100983, "_runtime": 11212.063536167145, "_step": 8, "train/train_runtime": 11214.9504, "train/train_samples_per_second": 0.724, "train/train_steps_per_second": 0.362, "train/total_flos": 50127389620704.0, "train/train_loss": 6.051259539034612, "_wandb": {"runtime": 11214}}